name,price,score,body,tannin,sweetness,acidity
Larose Red Blend 2019,4,4.7,4,3,1,4
Elevage 2000,4,4.7,5,3,1,4
Spring Mountain Cabernet Sauvignon 2011,4,4.7,5,3,1,3
Spring Mountain Cabernet Sauvignon 2016,4,4.6,5,3,1,3
Kai Carmenère 2008,4,4.6,4,2,1,3
Aconcagua Valley 2003,4,4.6,5,3,1,3
Luis Pereira 2012,4,4.6,4,2,1,2
Torre Muga 2000,3,4.6,4,4,1,4
Aro 2001,4,4.6,4,4,1,4
Cabernet Sauvignon 2002,4,4.6,5,3,1,3
Ironheart Shiraz 2017,4,4.6,5,3,2,3
Spring Mountain Cabernet Sauvignon 2014,4,4.6,5,3,1,3
Altura 2008,4,4.6,4,3,1,3
Spring Mountain Cabernet Sauvignon 2013,4,4.6,5,3,1,3
Spring Mountain Cabernet Sauvignon 2012,4,4.6,5,3,1,3
Brunello di Montalcino 2013,4,4.6,3,3,1,4
Cabernet Sauvignon 2015,4,4.5,5,3,1,3
Folly Syrah 2005,3,4.5,5,3,1,2
FAY Cabernet Sauvignon 2006,4,4.5,5,3,1,3
Kai Carmenère 2014,4,4.5,4,2,1,3
Kai Carmenère 2009,4,4.5,4,2,1,3
Malleolus de Valderramiro 2008,4,4.5,4,3,1,4
Bosché Vineyard Cabernet Sauvignon 2013,4,4.5,5,3,1,3
Reserve Cabernet Sauvignon 2014,4,4.5,5,3,1,3
Nico Malbec 2010,4,4.5,4,3,2,2
En Chamberlin Vineyard Syrah 2008,4,4.5,4,3,1,3
Lupi e Sirene Riserva 2008,4,4.5,3,3,1,4
Prado Enea Gran Reserva 1998,2,4.5,4,4,1,4
Lupi e Sirene Riserva 2011,4,4.5,3,3,1,4
Lupi e Sirene Riserva 2010,4,4.5,3,3,1,4
Eileen Hardy Shiraz 2004,4,4.5,5,3,1,3
Profile 2001,4,4.5,5,3,1,4
Reserve Cabernet Sauvignon 2016,4,4.5,5,3,1,3
MPHS 2011,4,4.5,4,3,1,4
Elevage 2016,4,4.5,5,3,1,4
Cabernet Sauvignon 2014,4,4.5,5,3,1,3
Stone Cairn 2013,2,4.5,4,4,1,4
En Chamberlin Vineyard Syrah 2007,4,4.5,4,3,1,3
Chateau de Chassagne-Montrachet Rouge 2016,3,4.5,2,2,1,4
Bosché Vineyard Cabernet Sauvignon 2006,4,4.5,5,3,1,3
Brunello di Montalcino 2000,3,4.5,3,3,1,4
Hercules 2014,3,4.5,4,3,2,3
CASK 23 Cabernet Sauvignon 2006,4,4.5,5,3,1,3
Cabernet Sauvignon 2012,4,4.4,5,3,1,3
Chateau Buena Vista Cabernet Sauvignon Napa Valley 2017,3,4.4,5,3,1,3
Chateau Buena Vista Cabernet Sauvignon Napa Valley 2014,3,4.4,5,3,1,3
Montes Alpha M Red 2006,3,4.4,5,3,1,3
Priorat 2007,4,4.4,5,3,1,3
Cabernet Sauvignon 2016,4,4.4,5,3,1,3
Purple Angel 2006,2,4.4,5,3,1,3
Sycamore Vineyard Cabernet Sauvignon 2012,4,4.4,5,3,1,3
Cabernet Sauvignon 2006,4,4.4,5,3,1,3
Kai Carmenère 2011,4,4.4,4,2,1,3
O.P.C Proprietary Red 2014,4,4.4,5,3,1,4
Rosso di Montalcino 2014,4,4.4,2,3,1,3
Larose Red Blend 2014,4,4.4,4,3,1,4
Elevage 2012,4,4.4,5,3,1,4
Savitar Shiraz 2005,3,4.4,5,3,2,3
Land's Edge Vineyard Pinot Noir 2018,4,4.4,3,1,1,3
Château Corton Grancey Grand Cru 2015,4,4.4,2,2,1,4
Sycamore Vineyard Cabernet Sauvignon 2013,4,4.4,5,3,1,3
Kai Carmenère 2012,4,4.4,4,2,1,3
Culmen Reserva Rioja 2001,4,4.4,4,4,1,4
Elevage 2014,4,4.4,5,3,1,4
Reserve Cabernet Sauvignon 2013,4,4.4,5,3,1,3
Páva 2011,4,4.4,4,4,1,4
Reserve Cabernet Sauvignon 2015,4,4.4,5,3,1,3
Lupi e Sirene Riserva 2009,4,4.4,3,3,1,4
Finca Altamira Malbec 2004,4,4.4,4,2,1,2
O.P.C Proprietary Red 2015,4,4.4,5,3,1,4
Elevage 2009,4,4.4,5,3,1,4
Elevage 2004,4,4.4,5,3,1,4
Enzo Bianchi Gran Cru 2002,4,4.4,5,3,1,3
Eileen Hardy Shiraz 2007,4,4.4,5,3,1,3
Elevage 2005,4,4.4,5,3,1,4
S.L.V. Cabernet Sauvignon 2006,4,4.4,5,3,1,3
Elevage 2008,4,4.4,5,3,1,4
Colli Della Toscana Centrale Cignale 2006,3,4.4,3,3,1,3
GR Reserve Shiraz 2006,4,4.4,5,3,2,2
Cabernet Sauvignon 2012,4,4.4,5,3,1,3
Cabernet Sauvignon 2015,4,4.4,5,3,1,3
Toro 2V Premium 2005,4,4.4,4,3,1,2
Cabernet Sauvignon 2003,4,4.4,5,3,1,3
Liguai 2006,2,4.4,4,3,1,3
Larose Red Blend 2016,4,4.4,4,3,1,4
Eileen Hardy Shiraz 2000,4,4.4,5,3,1,3
Reserve Cabernet Sauvignon 2010,4,4.4,5,3,1,3
Barolo Cerequio 2001,3,4.4,4,4,1,5
Colli Della Toscana Centrale Il Sole di Alessandro 2005,4,4.4,3,3,3,3
Cabernet Sauvignon 2011,4,4.4,5,3,1,3
GR Reserve Shiraz 2008,4,4.4,5,3,2,2
Elevage 2002,4,4.4,5,3,1,4
Hercules 2018,3,4.4,4,3,2,3
En Chamberlin Vineyard Syrah 2010,4,4.4,4,3,1,3
Chateau Buena Vista Cabernet Sauvignon Napa Valley 2012,3,4.4,5,3,1,3
Rector Creek Vineyard 2019,3,4.4,5,3,4,3
GR Reserve Shiraz 2005,4,4.4,5,3,2,2
Malbec 2006,3,4.4,4,3,2,2
En Chamberlin Vineyard Syrah 2009,4,4.4,4,3,1,3
Unánime Gran Vino Tinto 2005,3,4.4,5,3,1,4
LeChar Pinot Noir 2010,2,4.4,2,2,4,3
Alfa Spiga Ribera del Duero 2003,3,4.4,4,3,1,4
Cabernet Sauvignon 2010,4,4.3,5,3,1,3
Badia a Passignano Gran Selezione Chianti Classico 2016,3,4.3,3,3,1,4
Cabernet Sauvignon 2016,4,4.3,5,3,1,3
Cabernet Sauvignon 2018,4,4.3,5,3,1,3
Malbec 2015,2,4.3,4,2,2,2
Chateau Buena Vista Cabernet Sauvignon Napa Valley 2015,3,4.3,5,3,1,3
Alicante Bouschet - Cabernet Sauvignon 2013,3,4.3,4,3,1,3
Cabernet Sauvignon 2009,4,4.3,5,3,1,3
Cabernet Sauvignon 2014,4,4.3,5,3,1,3
Capo di Stato 2013,4,4.3,4,3,1,2
Cabernet Sauvignon 2011,4,4.3,5,3,1,3
Brunello di Montalcino 2010,3,4.3,3,3,1,4
Brunello di Montalcino 2011,3,4.3,3,3,1,4
Russian River Valley Pinot Noir 2016,3,4.3,3,1,1,3
Gigglepot Cabernet Sauvignon 2016,3,4.3,4,3,1,3
Cabernet Sauvignon 2015,4,4.3,5,3,1,3
Cabernet Sauvignon 2017,4,4.3,5,3,1,3
Mendoza 2005,4,4.3,5,3,1,4
O.P.C Proprietary Red 2012,4,4.3,5,3,1,4
Cabernet Sauvignon 2014,4,4.3,5,3,1,3
Cabernet Sauvignon 2007,4,4.3,5,3,1,3
Montepulciano d'Abruzzo 2006,4,4.3,3,3,1,4
Bosché Vineyard Cabernet Sauvignon 2012,4,4.3,5,3,1,3
Cabernet Sauvignon 2005,4,4.3,5,3,1,3
Payen 2011,3,4.3,5,3,1,2
Brunello di Montalcino 2001,2,4.3,3,3,1,4
Corte di Cama Sforzato di Valtellina 2014,3,4.3,4,4,1,5
Castillo Ygay Gran Reserva Especial Tinto 1995,3,4.3,4,4,1,4
Bosché Vineyard Cabernet Sauvignon 2010,4,4.3,5,3,1,3
Cielo d'Ulisse Brunello di Montalcino 2015,4,4.3,3,3,1,4
Manyetes 2014,4,4.3,5,3,1,3
Evenstad Reserve Pinot Noir 2006,3,4.3,2,2,1,4
Rioja Gran Reserva 2013,4,4.3,4,3,1,4
Elevage 2006,4,4.3,5,3,1,4
Elevage 2010,4,4.3,5,3,1,4
Reserve Cabernet Sauvignon 2012,4,4.3,5,3,1,3
Chateau de Chassagne-Montrachet Rouge 2015,3,4.3,2,2,1,4
Land's Edge Vineyard Pinot Noir 2015,4,4.3,3,1,1,3
Primus Malbec (Primum) 2003,1,4.3,4,2,2,2
Ironclad 2013,2,4.3,4,3,1,4
Elevage 2011,4,4.3,5,3,1,4
Elevage 2015,4,4.3,5,3,1,4
Manyetes 2003,4,4.3,5,3,1,3
Château Corton Grancey Grand Cru 2014,4,4.3,2,2,1,4
Reserve Cabernet Sauvignon 2017,4,4.3,5,3,1,3
Saint-Émilion Grand Cru 2015,4,4.3,4,3,1,3
Cabernet Sauvignon 2001,4,4.3,5,3,1,3
Baron Edmond 2002,2,4.3,4,3,1,4
Rioja Gran Reserva 2005,4,4.3,4,3,1,4
Pinot Noir 2012,4,4.3,4,3,1,4
Eileen Hardy Shiraz 2008,4,4.3,5,3,1,3
Eileen Hardy Shiraz 2005,4,4.3,5,3,1,3
Larose Red Blend 2015,4,4.3,4,3,1,4
Larose Red Blend 2012,4,4.3,4,3,1,4
Old Vine Shiraz 2004,2,4.3,5,3,2,3
Alte Reben Spätburgunder 2003,2,4.3,1,2,1,4
Homage Syrah 2015,3,4.3,4,3,1,3
Ironheart Shiraz 2013,4,4.3,5,3,2,3
Château Prieuré La Marzelle Saint-Émilion Grand Cru 2006,2,4.3,4,3,1,3
Cabernet Sauvignon (Batch No. 1 & 3) 2013,2,4.3,4,3,1,3
Larose Red Blend 2018,4,4.3,4,3,1,4
Merlot Unfiltered 2002,3,4.3,4,2,2,1
Graveyard Vineyard Shiraz 2004,3,4.3,5,3,1,3
Cabernet Sauvignon 2013,4,4.3,5,3,1,3
Spring Mountain Cabernet Sauvignon 2015,4,4.3,5,3,1,3
Cabernet Sauvignon 2000,4,4.3,5,3,1,3
Pinot Noir 2020,1,4.3,2,2,1,3
Vieilles Vignes Châteauneuf-du-Pape 2005,2,4.3,5,3,1,3
Liguai 2005,2,4.3,4,3,1,3
Mas Vilella 2003,2,4.3,4,3,1,3
Unánime Malbec 2011,3,4.3,4,2,1,2
Director's Cut Shiraz 2005,2,4.3,5,3,2,3
Elevage 2017,4,4.3,5,3,1,4
Bin No 0 Shiraz 2008,3,4.3,5,3,1,3
Bosché Vineyard Cabernet Sauvignon 2008,4,4.3,5,3,1,3
Alexis Cabernet Sauvignon 2003,4,4.3,5,3,1,3
Viña Lanciano Reserva 1998,2,4.3,4,4,1,4
Villa Antinori Chianti Classico Riserva 2001,2,4.3,3,3,1,4
Larose Red Blend 2020,4,4.3,4,3,1,4
Cielo d'Ulisse Brunello di Montalcino 2011,4,4.3,3,3,1,4
Quelen Special Selection 2005,2,4.3,5,3,1,3
1 Uno Primitivo di Manduria 2018,2,4.2,4,2,3,1
Cabernet Sauvignon 2016,2,4.2,5,3,1,3
Tenuta Valleselle Ripa Magna Corvina 2018,3,4.2,4,3,2,2
Brunello di Montalcino 2011,2,4.2,3,3,1,4
Petite Sirah 2015,2,4.2,4,4,1,3
Unánime Gran Vino Tinto 2016,3,4.2,5,3,1,4
Cabernet Sauvignon 2014,4,4.2,5,3,1,3
La Petite Grace Pinot Noir 2015,2,4.2,3,1,1,3
La Petite Grace Pinot Noir 2014,2,4.2,3,1,1,3
1 Uno Primitivo di Manduria 2017,2,4.2,4,2,3,1
Cabernet Sauvignon 2015,4,4.2,5,3,1,3
Proprietary Red 2017,4,4.2,5,3,1,4
1 Uno Primitivo di Manduria 2016,2,4.2,4,2,3,1
Chateau Buena Vista Cabernet Sauvignon Napa Valley 2013,3,4.2,5,3,1,3
Rioja Gran Reserva 2009,4,4.2,4,3,1,4
La Petite Grace Pinot Noir 2013,2,4.2,3,1,1,3
Brunello di Montalcino 2002,3,4.2,3,3,1,4
Laborde Double Select Syrah 2017,1,4.2,4,3,1,3
Tinto De La Casa Malbec 2018,2,4.2,4,2,2,3
Cielo d'Ulisse Brunello di Montalcino 2013,4,4.2,3,3,1,4
Barolo Bussia 2006,4,4.2,4,4,1,5
O.P.C Proprietary Red 2011,4,4.2,5,3,1,4
The Party Malbec 2018,1,4.2,3,2,2,3
Barolo Bussia 2007,4,4.2,4,4,1,5
Amore e Follia 2010,2,4.2,3,3,1,3
Land's Edge Vineyard Pinot Noir 2012,4,4.2,3,1,1,3
O.P.C Proprietary Red 2013,4,4.2,5,3,1,4
Elevage 2013,4,4.2,5,3,1,4
Cabernet Sauvignon 2013,4,4.2,5,3,1,3
Tinto De La Casa Malbec 2019,2,4.2,4,2,2,3
O.P.C Proprietary Red 2010,4,4.2,5,3,1,4
Manyetes 2015,4,4.2,5,3,1,3
Orben 2006,2,4.2,4,4,1,4
Dreadnought 2011,3,4.2,4,3,1,3
Manyetes 2013,4,4.2,5,3,1,3
160 Anni 2013,2,4.2,5,3,2,2
Taurasi Radici 2000,2,4.2,5,3,2,2
Reiver Shiraz 2005,2,4.2,5,3,2,3
Oracle Shiraz 2005,3,4.2,5,3,2,3
Chateau de Chassagne-Montrachet Rouge 2017,3,4.2,2,2,1,4
Land's Edge Vineyard Pinot Noir 2016,4,4.2,3,1,1,3
Cabernet Sauvignon 2012,4,4.2,5,3,1,3
Single Vineyard Las Compuertas Malbec 2004,2,4.2,4,2,2,2
Cabernet Sauvignon 2004,4,4.2,5,3,1,3
Unánime Malbec 2010,3,4.2,4,2,1,2
Château Prieuré La Marzelle Saint-Émilion Grand Cru 2015,2,4.2,4,3,1,3
Amore e Follia 2009,2,4.2,3,3,1,3
Reserve Bikavér 2009,2,4.2,4,4,1,4
Ironclad 2016,2,4.2,4,3,1,4
Red 2018,3,4.2,4,3,1,4
Taurasi Naturalis Historia 2000,3,4.2,5,3,2,2
Amore e Follia 2011,2,4.2,3,3,1,3
Kokoro 2014,2,4.2,4,3,1,4
Prima Donna Pinot Noir 2012,3,4.2,2,2,1,4
Chateau de Chassagne-Montrachet Rouge 2018,3,4.2,2,2,1,4
Villa Antinori Chianti Classico Riserva 2006,2,4.2,3,3,1,4
Amore e Follia 2008,2,4.2,3,3,1,3
Clos de la Vieille Eglise Pomerol 2015,3,4.2,4,3,1,3
Dreadnought 2009,3,4.2,4,3,1,3
Larose Red Blend 2011,4,4.2,4,3,1,4
Marian's Reserve 2012,3,4.2,5,3,1,4
Stonewell Shiraz 1999,4,4.2,5,3,2,3
Bosché Vineyard Cabernet Sauvignon 2009,4,4.2,5,3,1,3
Land's Edge Vineyard Pinot Noir 2011,4,4.2,3,1,1,3
Lupi e Sirene Riserva 2012,4,4.2,3,3,1,4
Eileen Hardy Shiraz 2002,4,4.2,5,3,1,3
Cabo de Hornos Special Reserve 2000,3,4.2,4,3,1,3
O.P.C Proprietary Red 2007,4,4.2,5,3,1,4
Sonoma Zinfandel 2004,1,4.2,5,2,2,1
Château Prieuré La Marzelle Saint-Émilion Grand Cru 2011,2,4.2,4,3,1,3
Pinot Noir 2016,2,4.2,3,1,1,3
High Altitude Vineyards Malbec 2006,1,4.2,4,2,1,2
Cagiòlo Montepulciano d'Abruzzo Riserva 2015,2,4.2,3,3,1,4
Ironclad 2008,3,4.2,4,3,1,4
Chateau Buena Vista Pinot Noir 2017,2,4.2,3,2,3,3
Private Reserve 2014,4,4.2,4,3,1,4
The Cream 2010,4,4.2,5,3,1,3
Shiraz 2005,2,4.2,5,3,1,3
Howell Mountain Red 2013,2,4.2,5,3,1,4
Reserve Pinot Noir 2019,3,4.2,2,2,1,3
Saint-Estèphe 2002,2,4.2,4,4,1,4
Unánime Malbec 2015,3,4.2,4,2,1,2
Private Collection Cabernet Sauvignon 2003,1,4.2,4,4,1,3
Bourgogne Pinot Noir 2009,2,4.2,2,1,4,3
Saint-Émilion Grand Cru 2007,4,4.2,4,3,1,3
Unánime Gran Vino Tinto 2019,3,4.2,5,3,1,4
Stradivario Barbera d'Asti Superiore 1997,3,4.2,3,2,1,3
Voilé Reserve 2016,2,4.1,4,3,1,3
Cabernet Sauvignon Aged in Bourbon Barrels 2016,1,4.1,5,3,1,3
Unánime Gran Vino Tinto 2013,3,4.1,5,3,1,4
Cabernet - Malbec 2015,2,4.1,4,3,1,3
Unánime Gran Vino Tinto 2015,3,4.1,5,3,1,4
Unánime Gran Vino Tinto 2014,3,4.1,5,3,1,4
Napa Valley Cabernet Sauvignon 2014,2,4.1,5,3,1,3
The Boxer Shiraz 2016,2,4.1,5,3,2,3
Tenuta Valleselle Ripa Magna Corvina 2016,3,4.1,4,3,2,2
Unánime Gran Vino Tinto 2011,3,4.1,5,3,1,4
Malbec 2013,2,4.1,4,2,2,2
Unánime Malbec 2017,3,4.1,4,2,1,2
Merlot 2014,2,4.1,4,2,1,1
Montepulciano d'Abruzzo Riserva 2013,2,4.1,3,3,1,4
Grand Barossa Shiraz 2018,1,4.1,5,3,2,3
Unánime Malbec 2016,3,4.1,4,2,1,2
Amarone della Valpolicella 2015,4,4.1,5,2,3,2
Tancredi 2016,1,4.1,5,3,2,2
Narassa 2015,1,4.1,4,3,1,3
Narassa 2016,1,4.1,4,3,1,3
Malleolus 2010,3,4.1,4,3,1,3
Unánime Gran Vino Tinto 2009,3,4.1,5,3,1,4
Rutherford Cabernet Sauvignon 2013,4,4.1,5,3,1,3
Il Vero Siciliano 2017,2,4.1,4,2,3,2
Founder's Collection Cabernet Sauvignon 2009,2,4.1,4,3,1,3
Mercurey 2018,3,4.1,2,2,1,4
Barolo 2015,2,4.1,4,4,1,4
Rutherford Cabernet Sauvignon 2014,4,4.1,5,3,1,3
Barolo 2014,2,4.1,4,4,1,4
Unánime Gran Vino Tinto 2010,3,4.1,5,3,1,4
Tinto De La Casa Malbec 2017,2,4.1,4,2,2,3
Rioja Reserva 2002,1,4.1,4,3,1,3
Reserva 2015,3,4.1,4,3,1,4
Saint-Georges-Saint-Émilion 2015,2,4.1,4,3,1,3
Sommarovina Valtellina Superiore Sassella 2015,2,4.1,3,4,1,4
Cabernet Sauvignon 2013,1,4.1,4,3,1,3
Barolo Lecinquevigne 2007,3,4.1,4,4,1,5
Unánime Malbec 2018,3,4.1,4,2,1,2
Il Carbonaione Alta Valle della Greve 2010,4,4.1,3,3,1,3
Sycamore Vineyard Cabernet Sauvignon 2010,4,4.1,5,3,1,3
Haragán Reserva Especial 2014,2,4.1,4,3,1,3
Rosso del Conte 2007,3,4.1,4,3,2,2
Sycamore Vineyard Cabernet Sauvignon 2011,4,4.1,5,3,1,3
Cabernet Sauvignon 2016,2,4.1,5,3,2,2
Shiraz 2013,1,4.1,4,3,1,3
Amore e Follia 2007,2,4.1,3,3,1,3
Cielo d'Ulisse Brunello di Montalcino 2012,4,4.1,3,3,1,4
Napa Valley Cabernet Sauvignon 2013,2,4.1,5,3,1,3
Cabernet Sauvignon 2015,2,4.1,4,4,1,4
Sessio 2012,3,4.1,4,4,1,5
O.P.C Proprietary Red 2009,4,4.1,5,3,1,4
Pauillac (Grand Cru Classé) 2001,3,4.1,4,4,1,4
Hilltop Cabernet Sauvignon 2009,2,4.1,5,3,1,3
Gevrey-Chambertin 2016,4,4.1,3,2,1,4
Señora de las Alturas 2018,2,4.1,3,2,1,3
Côtes du Rhône 2017,2,4.1,3,3,1,3
Cabernet Sauvignon 2004,2,4.1,5,3,1,3
Calvert Pinot Noir 2014,4,4.1,2,2,1,4
Lucente 2005,3,4.1,3,3,1,3
Valtellina Superiore Riserva 2015,3,4.1,4,4,1,4
Rioja Gran Reserva 2006,4,4.1,4,3,1,4
Château Prieuré La Marzelle Saint-Émilion Grand Cru 2012,2,4.1,4,3,1,3
Rob & Les Shiraz 2017,2,4.1,5,2,2,3
The Party Malbec 2017,1,4.1,3,2,2,3
Greenock Shiraz 2013,3,4.1,5,3,2,3
Villa Antinori Chianti Classico Riserva 2008,2,4.1,3,3,1,4
Pinot Noir 2017,2,4.1,3,1,1,3
Merlot 2020,1,4.1,4,1,1,1
Grand Reserve Cabernet Sauvignon 2007,4,4.1,5,3,1,3
Castillon - Côtes de Bordeaux 2015,3,4.1,4,3,4,3
Tiwha Pinot Noir 2020,1,4.1,2,2,1,3
Rob & Les Shiraz 2016,2,4.1,5,2,2,3
Primus Pinot Noir (Primum) 2004,2,4.1,3,1,1,3
Côtes Capelan Châteauneuf-du-Pape 2009,3,4.1,5,3,1,3
Private Bin Cabernet Sauvignon 2001,1,4.1,4,3,1,3
Centauri Red Blend 2008,2,4.1,5,4,1,3
Cuvée Alexandre Merlot 2005,2,4.1,4,2,1,1
O.P.C Proprietary Red 2006,4,4.1,5,3,1,4
Private Collection Syrah 2003,1,4.1,4,3,1,3
Arnau Oller Selecció de la Familia 2009,4,4.1,4,2,1,2
Willamette Valley Select Pinot Noir 2006,4,4.1,2,1,1,4
Cabernet Sauvignon 2010,3,4.1,5,3,1,3
Pinot Noir 2021,1,4.1,2,2,1,3
Saint-Émilion Grand Cru 2011,4,4.1,3,3,1,3
Chateau de Chassagne-Montrachet Rouge 2014,3,4.1,2,2,1,4
Clos de la Vieille Eglise Pomerol 2009,1,4.1,4,3,1,3
Carmenère Limited Edition 2007,1,4.1,4,2,1,3
La Mystèriale Santenay Premier Cru 2016,3,4.1,2,2,1,4
Saint-Émilion Grand Cru 2005,4,4.1,4,3,1,3
Southern Tor Pinot Noir 2020,1,4.1,2,2,1,3
Reserva Syrah 2019,2,4.1,4,3,1,3
Cabernet Sauvignon 2008,4,4.1,5,3,1,3
Cabernet Sauvignon 2010,2,4.1,4,3,1,3
Ultra Cabernet Sauvignon 2004,1,4.1,4,3,1,3
The Navigator 2018,1,4.1,4,3,1,3
Reserve Cabernet Sauvignon - Merlot 2015,2,4.1,4,3,1,4
Reserva 2003,1,4.1,4,4,1,4
Saint-Émilion Grand Cru 2001,2,4.1,4,3,1,3
Évoque Reserve 2016,2,4.1,3,2,2,3
Red 2019,1,4.1,4,3,1,4
Print Shiraz 2001,2,4.1,5,3,2,2
Rosso Veneto 2014,2,4.0,4,2,2,2
Rosso Veneto 2016,2,4.0,4,2,2,2
Ribera del Duero 2011,2,4.0,4,3,1,4
Rosso Veneto 2017,2,4.0,4,2,2,2
Villa Antinori Chianti Classico Riserva 2011,2,4.0,3,3,1,4
Rosso Veneto 2018,2,4.0,4,2,2,2
Signature Malbec 2016,2,4.0,4,2,2,2
Malbec 2014,1,4.0,4,2,2,2
La Petite Grace Pinot Noir 2018,2,4.0,3,1,1,3
Unánime Gran Vino Tinto 2012,3,4.0,5,3,1,4
Crianza Tinto 2009,2,4.0,4,3,1,3
Narassa 2017,1,4.0,4,3,1,3
Narassa 2014,1,4.0,4,3,1,3
Merlot 2015,3,4.0,4,2,1,1
Unánime Signature Cabernet Sauvignon 2017,4,4.0,4,3,1,3
Campo di Sasso Insoglio del Cinghiale 2010,2,4.0,3,3,1,3
Rioja Gran Reserva 2001,2,4.0,4,4,1,4
La Petite Grace Pinot Noir 2016,2,4.0,3,1,1,3
Barolo 2008,3,4.0,3,4,1,5
Mercurey 2016,3,4.0,2,2,1,4
The Essence Of Oregon Pinot Noir 2019,2,4.0,2,2,1,4
Mercurey 2014,3,4.0,2,2,1,4
Barolo 2007,3,4.0,3,4,1,5
Unánime Gran Vino Tinto 2007,3,4.0,5,3,1,4
Cabernet Sauvignon 2012,4,4.0,5,3,1,3
Poggio a'Frati Chianti Classico Riserva 2011,2,4.0,3,3,1,4
Post Scriptum (de Chryseia) Douro 2009,2,4.0,4,3,1,3
Napa Valley Cabernet Sauvignon 2014,2,4.0,5,3,1,3
Cabernet Sauvignon 2010,4,4.0,5,3,1,3
Barolo 2013,2,4.0,4,4,1,4
Saint-Émilion Grand Cru 2015,4,4.0,4,3,1,3
Authentique Côtes du Roussillon Rouge 2019,1,4.0,4,3,1,3
Saint-Émilion Grand Cru 2017,4,4.0,4,3,1,3
Reserva Rioja (Finca Ygay) 2001,2,4.0,4,3,1,4
Grand Reserve Cabernet Sauvignon 2009,4,4.0,5,3,1,3
Bin 8 Cabernet - Shiraz 2003,1,4.0,5,3,1,3
Riva Ranch Pinot Noir 2016,2,4.0,3,2,1,3
HRB Cabernet Sauvignon 2016,2,4.0,4,3,1,3
Reserva Syrah 2014,2,4.0,4,3,1,3
Il Vero Siciliano 2016,2,4.0,4,2,3,2
Red Blend 2018,1,4.0,5,3,1,4
The Party Malbec 2019,1,4.0,3,2,2,3
Napa Valley Cabernet Sauvignon 2015,2,4.0,5,3,1,3
Reserve Pinot Noir 2013,4,4.0,3,2,1,3
Rosso Veneto 2011,2,4.0,4,2,2,2
Stielle Gran Selezione Chianti Classico 2011,3,4.0,3,4,1,4
Lazuli Cabernet Sauvignon 2005,2,4.0,4,3,1,3
Saint-Émilion Grand Cru (Grand Cru Classé) 2011,3,4.0,4,3,1,3
Villa Antinori Chianti Classico Riserva 2009,2,4.0,3,3,1,4
Château La Croix des Moines Lalande-de-Pomerol 2016,2,4.0,4,2,3,3
Ribera del Duero 2010,3,4.0,4,3,1,3
CA2 Costa Carmenère 2011,3,4.0,4,2,1,3
Lucente 2007,3,4.0,3,3,1,3
La Mystèriale Châteauneuf-du-Pape 2015,2,4.0,5,3,1,3
Sigillum Loliense Red 2011,2,4.0,3,4,1,4
Cabernet Sauvignon (Batch No. 1 & 3) 2011,2,4.0,4,3,1,3
Cabernet Sauvignon (Batch No. 1 & 3) 2010,2,4.0,4,3,1,3
1 Uno Primitivo di Manduria 2014,2,4.0,4,2,3,1
Bin 128 Shiraz 2003,2,4.0,5,3,2,3
Wallace (Shiraz - Grenache) 2006,1,4.0,5,3,1,3
Moppa Shiraz 2015,2,4.0,5,3,2,3
Unánime Gran Vino Tinto 2006,3,4.0,5,3,1,4
Napa Valley Cabernet Sauvignon 2012,2,4.0,5,3,1,3
El Alto Parcel Malbec 2011,4,4.0,4,2,2,2
Amore e Follia 2014,2,4.0,3,3,1,3
Villa Antinori Chianti Classico Riserva 2007,2,4.0,3,3,1,4
Pinot Noir 2015,2,4.0,3,1,1,3
Classique 2002,1,4.0,4,3,1,4
Gigondas 2016,2,4.0,4,3,1,3
Napa Valley Cabernet Sauvignon 2004,2,4.0,5,3,1,3
Reserva Syrah 2008,2,4.0,4,3,1,3
ONA (Special Reserve) Syrah 2015,2,4.0,5,3,1,2
Barolo Cascina Nuova 2006,3,4.0,4,4,1,5
Bannockburn Vineyard Pinot Noir 2015,2,4.0,2,2,1,4
Red Blend 2019,1,4.0,5,3,1,4
Pinot Noir 2014,2,4.0,3,1,1,3
Reserva Rioja 1999,2,4.0,4,3,1,3
First Growth 2001,3,4.0,4,3,1,3
Monthélie Premier Cru Les Duresses 2011,2,4.0,2,2,1,4
O.P.C Proprietary Red 2008,4,4.0,5,3,1,4
Campo Ai Sassi Rosso di Montalcino 2004,2,4.0,3,3,1,3
Spiga Ribera del Duero 2004,2,4.0,4,3,1,4
Modus Toscana 2000,2,4.0,3,3,1,3
Shiraz Golden Triangle 2004,1,4.0,4,3,1,3
Rosso Veneto 2010,2,4.0,4,2,2,2
Garnatxa Hisenda Miret 2008,3,4.0,4,3,1,3
Sonoma Coast Pinot Noir 2013,2,4.0,2,2,1,3
Secastilla 2004,2,4.0,5,3,2,3
Titan Shiraz 2010,2,4.0,5,3,1,3
Rouge 2015,2,4.0,4,3,1,2
PF Shiraz 2020,3,4.0,4,3,2,3
Chateau de Chassagne-Montrachet Rouge 2013,3,4.0,2,2,1,4
Rob & Les Shiraz 2015,2,4.0,5,2,2,3
Authentique Bordeaux Supérieur 2016,1,4.0,4,4,4,3
Reserve Syrah 2019,2,4.0,4,3,1,3
Pinot Noir 2017,1,4.0,2,1,1,3
Gevrey-Chambertin 2017,3,4.0,2,2,1,4
Private Bin R121 Shiraz 2002,1,4.0,4,3,1,3
Shiraz - Mataro 2018,2,4.0,5,3,1,3
William's Vineyard Pinot Noir 2017,2,4.0,2,2,1,3
Shiraz - Mataro 2015,2,4.0,5,3,1,3
Print Shiraz 2002,2,4.0,5,3,2,2
Reserve Pinot Noir 2019,2,4.0,2,2,1,4
Molin Vecchio 1999,3,4.0,3,3,1,3
Unánime Gran Vino Tinto 2008,3,4.0,5,3,1,4
Ars memoria 2008,3,4.0,5,3,1,3
Pasión 2013,1,4.0,5,3,1,3
Grand Reserve Cabernet Sauvignon 2004,4,4.0,5,3,1,3
Écluse Reserve 2016,2,4.0,4,3,1,4
Haut-Médoc 2013,1,4.0,4,4,1,4
Moutere Pinot Noir 2019,2,4.0,2,2,1,4
Malbec 2013,1,3.9,4,2,2,2
Pèppoli Chianti Classico 2016,2,3.9,3,3,1,4
Villa Antinori Chianti Classico Riserva 2013,2,3.9,3,3,1,4
Bastide Miraflors Vieilles Vignes Syrah - Grenache 2015,1,3.9,4,3,1,4
Villa Antinori Chianti Classico Riserva 2012,2,3.9,3,3,1,4
Rioja Reserva 2014,2,3.9,4,4,1,4
Nero d'Avola (Organico) 2017,1,3.9,4,2,2,2
Rosso Veneto 2019,2,3.9,4,2,2,2
La Mascota Malbec 2018,2,3.9,4,2,2,2
Rosso Veneto 2013,2,3.9,4,2,2,2
Rioja Reserva 2015,1,3.9,4,3,1,3
Malbec 2016,1,3.9,4,2,2,2
Perbacco Nebbiolo 2016,2,3.9,4,4,1,5
Barolo 2010,3,3.9,3,4,1,5
Barolo 2012,3,3.9,3,4,1,5
Napa Valley Cabernet Sauvignon 2014,3,3.9,5,3,1,3
Ultra Malbec 2013,1,3.9,4,2,1,2
Malbec 2014,1,3.9,4,2,2,2
Barolo 2011,3,3.9,3,4,1,5
Riva Ranch Pinot Noir 2014,2,3.9,3,2,1,3
Barolo 2009,3,3.9,3,4,1,5
Rosso Veneto 2012,2,3.9,4,2,2,2
Honest Red Blend 2015,3,3.9,5,3,1,4
Ribera del Duero 2015,3,3.9,4,3,1,3
Grand Reserve Cabernet Sauvignon 2012,4,3.9,5,3,1,3
Aconcagua Alto Carmenère 2017,2,3.9,4,2,1,3
Grand Reserve Cabernet Sauvignon 2016,4,3.9,5,3,1,3
Napa Valley Cabernet Sauvignon 2015,2,3.9,5,3,1,3
Villa Antinori Chianti Classico Riserva 2010,2,3.9,3,3,1,4
Ribera del Duero 2012,3,3.9,4,3,1,3
Montes Alpha Cabernet Sauvignon 2007,1,3.9,4,3,1,3
Grand Reserve Cabernet Sauvignon 2014,4,3.9,5,3,1,3
Red Blend 2016,2,3.9,5,3,1,4
Malbec 2015,1,3.9,4,2,2,2
Tenuta Valleselle Ripa Magna Corvina 2015,3,3.9,4,3,2,2
Napa Valley Cabernet Sauvignon 2017,2,3.9,5,3,1,3
Aconcagua Alto Cabernet Sauvignon 2016,2,3.9,4,3,1,3
Rutherford Cabernet Sauvignon 2012,4,3.9,5,3,1,3
Sonoma Coast Pinot Noir 2019,2,3.9,2,2,1,3
Ribera del Duero 2011,3,3.9,4,3,1,3
Punto Final Reserva Malbec 2010,2,3.9,4,2,2,2
Reserva Especial Syrah 2012,1,3.9,5,2,1,2
Tortoniano Barolo 2009,3,3.9,4,4,1,5
Gigondas La Gille 2014,2,3.9,4,3,1,3
Ranchero Red 2010,1,3.9,5,3,1,4
Rosso Fuoco Primitivo 2019,3,3.9,4,2,3,1
Red Blend 2013,2,3.9,5,3,1,4
Rosso Fuoco Primitivo 2016,3,3.9,4,2,3,1
Orben 2011,2,3.9,4,4,1,4
Red 2013,2,3.9,5,3,1,4
Barbaresco 2009,3,3.9,3,4,1,5
Cum Laude 2009,2,3.9,3,3,1,3
Mercurey 2015,3,3.9,2,2,1,4
Syrah 2007,1,3.9,5,3,1,2
Tinto De La Casa Malbec 2016,2,3.9,4,2,2,3
Dão Tinto 2012,2,3.9,4,4,1,4
La Mystèriale Châteauneuf-du-Pape 2016,2,3.9,5,3,1,3
The Essence Of Oregon Pinot Noir 2015,2,3.9,2,2,1,4
Ribera del Duero Reserva 2001,2,3.9,4,3,1,4
Woodhenge Shiraz 2014,2,3.9,5,3,1,3
Rosso Fuoco Primitivo 2018,3,3.9,4,2,3,1
Aconcagua Costa Syrah 2017,2,3.9,4,3,1,2
Tenuta Valleselle Ripa Magna Corvina 2010,3,3.9,4,3,2,2
Cabernet Sauvignon 2010,2,3.9,4,3,1,3
Cuvée Prestige Côtes de Bourg 2010,2,3.9,4,3,1,4
The Essence Of Oregon Pinot Noir 2016,2,3.9,2,2,1,4
Campofiorin Rosso Veronese 2004,1,3.9,4,2,1,2
Lunatiq Heathcote Shiraz 2016,3,3.9,5,3,2,3
Red Blend 2017,1,3.9,5,3,1,4
Grand Reserve Cabernet Sauvignon 2015,4,3.9,5,3,1,3
Cabernet Sauvignon 2009,2,3.9,5,3,1,3
Napa Valley Cabernet Sauvignon 2016,2,3.9,5,3,1,3
Riva Ranch Pinot Noir 2012,2,3.9,3,2,1,3
Barbaresco 2007,3,3.9,3,4,1,5
Santenay Rouge 2016,2,3.9,2,2,1,4
1 Uno Primitivo di Manduria 2015,2,3.9,4,2,3,1
Saint-Émilion Grand Cru (Grand Cru Classé) 2006,3,3.9,4,3,1,3
Gran Terroir de Los Andes Los Lingues Cabernet Sauvignon 2014,1,3.9,4,3,1,3
Bin 28 Shiraz 2003,2,3.9,5,3,2,3
Pi - 3.1415 Concejon Tinto 2009,1,3.9,4,3,1,2
Barbaresco 2006,3,3.9,3,4,1,5
Cabernet Sauvignon 2009,4,3.9,5,3,1,3
Villa Don Maximiano 2016,3,3.9,4,3,1,3
Señora de las Alturas 2012,2,3.9,3,2,1,3
Basson Pinotage 2015,2,3.9,4,3,1,3
Reserva Syrah 2018,2,3.9,4,3,1,3
Little Fuck Malbec 2018,1,3.9,4,3,1,2
Cabernet Sauvignon 2010,2,3.9,5,3,2,2
Carménère 2015,1,3.9,4,2,1,3
Cabernet Franc - Merlot Mas Irene 2010,2,3.9,4,3,1,3
Tinto 2007,2,3.9,4,3,1,3
Hey Malbec 2011,1,3.9,4,2,2,2
Expression Bordeaux 2017,1,3.9,4,4,4,3
Bourbon Barrels Aged Red blend 2014,3,3.9,5,4,1,4
Castello di Poppiano Chianti Colli Fiorentini Riserva 2011,2,3.9,3,3,1,4
Blecua Somontano 2002,4,3.9,4,3,1,3
Morey-Saint-Denis 2014,2,3.9,2,2,1,4
Rob & Les Shiraz 2020,2,3.9,5,2,2,3
Tenuta Valleselle Ripa Magna Corvina 2011,3,3.9,4,3,2,2
Serpico Cabernet Sauvignon 2005,3,3.9,4,3,1,3
Privada Family Blend 2005,2,3.9,5,3,1,4
Villa Antinori Chianti Classico Riserva 2014,2,3.9,3,3,1,4
1810 Cabernet Sauvignon - Carmenère 2009,2,3.9,4,3,2,3
Hey Malbec 2010,1,3.9,4,2,2,2
Luna Shiraz 2012,1,3.9,5,3,1,3
La Fourvieille Puisseguin-Saint-Émilion 2011,2,3.9,4,4,1,3
Rosso Fuoco Primitivo 2014,3,3.9,4,2,3,1
Amore e Follia 2013,2,3.9,3,3,1,3
Cru Heretaunga Syrah 2019,1,3.9,4,3,1,3
Quarter Acre Syrah 2019,1,3.9,4,3,1,3
Chianti Classico Riserva 2005,2,3.9,3,3,1,4
Pinot Noir 2012,2,3.9,3,1,1,3
The Eleventh Hour 2005,2,3.9,5,3,2,3
Toscana Dogajolo Rosso 2004,1,3.9,3,3,1,3
Ultra Malbec 2005,1,3.9,4,2,1,2
Cabernet Sauvignon Reserva 2005,1,3.9,4,3,1,3
Barolo 2012,2,3.9,4,4,1,4
Ruhanui Merlot - Cabernet Sauvignon 2016,1,3.9,4,3,1,4
Pinot Noir 2006,2,3.9,2,1,1,3
Sycamore Vineyard Cabernet Sauvignon 2008,4,3.9,5,3,1,3
Foundation Shiraz 2004,3,3.9,5,3,1,3
Bourgogne Hautes-Côtes de Nuits 'Les Dames Huguettes' 2017,2,3.9,2,2,1,4
Tinto 2014,2,3.9,4,3,1,2
Linteau Côtes du Rhône 2019,1,3.9,4,3,1,3
Mapu Reserva Carmenérè 2016,1,3.9,3,2,1,3
Crianza Tempranillo 2015,1,3.9,4,3,1,2
Kinién Cabernet Sauvignon 2003,2,3.9,4,4,1,3
La Petite Grace Pinot Noir 2010,2,3.9,3,1,1,3
Syrah 2019,1,3.9,4,3,1,3
Pèppoli Chianti Classico 2017,2,3.8,3,3,1,4
Saint-Esprit Côtes-du-Rhône 2017,1,3.8,4,3,1,3
Reserva 2012,2,3.8,4,4,1,3
Cabernet Sauvignon Reserva 2016,1,3.8,4,3,1,3
Malbec 2013,1,3.8,4,2,2,2
Reserva 2013,2,3.8,4,4,1,3
Pèppoli Chianti Classico 2011,2,3.8,3,3,1,4
Reserva 2011,2,3.8,4,4,1,3
La Mascota Cabernet Sauvignon 2018,2,3.8,4,3,1,3
Reserva Red Blend 2018,1,3.8,4,2,1,3
Vintner's Reserve Cabernet Sauvignon 2016,2,3.8,5,3,1,3
La Mascota Cabernet Sauvignon 2017,2,3.8,4,3,1,3
Reserva 2010,2,3.8,4,4,1,3
Gran Reserva Cabernet Sauvignon 2012,1,3.8,4,3,1,3
Pinot Noir 2015,2,3.8,2,2,1,4
Pinot Noir 2016,2,3.8,2,2,1,4
Max Reserva Carmenère 2015,2,3.8,4,2,1,3
Zinfandel 2016,3,3.8,5,2,2,1
Chianti Classico 2013,2,3.8,3,3,1,4
Max's Shiraz - Cabernet 2015,2,3.8,5,3,1,3
Cabernet Sauvignon (Batch No. 1 & 3) 2015,2,3.8,4,3,1,3
Zinfandel 2014,3,3.8,5,2,2,1
Crianza 2015,2,3.8,4,3,1,3
Bastide Miraflors Vieilles Vignes Syrah - Grenache 2014,1,3.8,4,3,1,4
Chianti Classico 2016,2,3.8,3,3,1,4
Malbec 2017,1,3.8,4,2,2,2
Malbec 2012,1,3.8,4,2,2,2
Hey Malbec 2019,1,3.8,4,2,2,2
Napa Valley Cabernet Sauvignon 2014,2,3.8,5,3,1,3
THE Barossan Shiraz 2016,1,3.8,5,3,2,3
Cabernet Sauvignon (Batch No. 1 & 3) 2016,2,3.8,4,3,1,3
Pinot Noir 2013,2,3.8,3,2,1,3
Bastide Miraflors Vieilles Vignes Syrah - Grenache 2013,1,3.8,4,3,1,4
Nebbiolo 2015,2,3.8,4,4,1,5
Max Reserva Carmenère 2017,1,3.8,4,2,1,3
Sonoma Coast Pinot Noir 2018,2,3.8,2,2,1,3
Napa Valley Cabernet Sauvignon 2013,3,3.8,5,3,1,3
Barbaresco 2012,3,3.8,3,4,1,5
Cabernet Sauvignon 2013,3,3.8,5,3,1,3
Monterey Pinot Noir 2015,2,3.8,3,1,1,3
Red Blend 2014,2,3.8,5,3,1,4
Bourbon Barrels Aged Red blend 2016,3,3.8,5,4,1,4
Tenuta Valleselle Ripa Magna Corvina 2013,3,3.8,4,3,2,2
Barbaresco 2013,3,3.8,3,4,1,5
Il Vino dal Tralcetto Montepulciano d'Abruzzo 2008,1,3.8,2,2,1,4
Shiraz 2014,2,3.8,5,3,2,3
Jester Shiraz 2017,1,3.8,5,3,1,3
Red Blend 2015,2,3.8,5,3,1,4
Rosso Conero Piancarda 2015,1,3.8,3,3,1,3
Bastide Miraflors Vieilles Vignes Syrah - Grenache 2011,1,3.8,4,3,1,4
Zinfandel 2013,3,3.8,5,2,2,1
Napa Valley Cabernet Sauvignon 2016,2,3.8,5,3,1,3
Cabernet Sauvignon 2017,2,3.8,4,4,1,4
Honest Red Blend 2014,3,3.8,5,3,1,4
Barbaresco 2010,3,3.8,3,4,1,5
Bastide Miraflors Vieilles Vignes Syrah - Grenache 2012,1,3.8,4,3,1,4
Gold Label Barossa Shiraz 2012,2,3.8,5,3,2,3
Gran Reserva Merlot 2014,1,3.8,4,1,1,1
Reserve Malbec 2018,1,3.8,4,2,1,2
Petite Fleur Malbec 2014,1,3.8,3,2,2,2
Reserva de Familia Carmenère 2010,1,3.8,4,2,1,3
Tenuta Valleselle Ripa Magna Corvina 2014,3,3.8,4,3,2,2
Grand Reserve Cabernet Sauvignon 2010,4,3.8,5,3,1,3
Red 2017,2,3.8,5,3,1,4
Cabernet Sauvignon 2017,1,3.8,4,3,1,3
Rioja Reserva 2004,2,3.8,4,4,1,4
Pinteivera Tinto 2012,1,3.8,5,3,1,3
Rosso Fuoco Primitivo 2015,3,3.8,4,2,3,1
Rosso Fuoco Primitivo 2017,3,3.8,4,2,3,1
Reserve Cabernet Sauvignon 2018,1,3.8,3,3,2,3
Thomas Hardy Cabernet Sauvignon 2019,4,3.8,4,3,1,3
Red 2012,2,3.8,5,3,1,4
Rufus Stone Heathcote Shiraz 2016,2,3.8,5,3,1,3
Riserva Ducale Chianti Classico 2004,2,3.8,3,3,1,4
Reserve Malbec 2019,1,3.8,3,2,2,2
Authentique Côtes du Roussillon Rouge 2014,1,3.8,4,3,1,3
Bourgogne Gamay 2016,1,3.8,2,2,1,4
Cabernet Sauvignon 2012,1,3.8,4,3,1,3
Authentique Côtes du Roussillon Rouge 2016,1,3.8,4,3,1,3
Coteaux Bourguignons 2016,1,3.8,2,2,3,3
Authentique Côtes du Roussillon Rouge 2018,1,3.8,4,3,1,3
Grande Réserve Côtes-du-Rhône 2017,1,3.8,4,3,1,3
Mácula 2006,2,3.8,4,3,1,3
Bin No 1 Shiraz 2012,2,3.8,5,3,1,3
Cuvée Prestige Côtes de Bourg 2012,1,3.8,4,3,1,4
Authentique Côtes du Roussillon Rouge 2013,1,3.8,4,3,1,3
HRB Cabernet Sauvignon 2014,2,3.8,4,3,1,3
Tenuta Valleselle Ripa Magna Corvina 2012,3,3.8,4,3,2,2
HRB Cabernet Sauvignon 2015,2,3.8,4,3,1,3
Francs - Côtes de Bordeaux 2010,2,3.8,4,3,4,3
Authentique Côtes du Roussillon Rouge 2015,1,3.8,4,3,1,3
Aconcagua Costa Pinot Noir 2018,2,3.8,3,1,1,3
Zinfandel 2011,3,3.8,5,2,2,1
Primitivo di Manduria 2015,1,3.8,4,2,3,1
Lussac-Saint-Émilion 2014,1,3.8,4,3,3,3
Le Different de Chateau de Ferrand Saint Emilion Grand Cru 2012,2,3.8,4,3,1,3
Authentique Côtes du Roussillon Rouge 2017,1,3.8,4,3,1,3
Homestead Series Pinotage 2014,1,3.8,4,3,1,3
Santenay Rouge 2015,2,3.8,2,2,1,4
Napa Valley Cabernet Sauvignon 2011,2,3.8,5,3,1,3
Grand Reserve Cabernet Sauvignon 2008,4,3.8,5,3,1,3
Touriga Nacional Superior 2013,1,3.8,3,3,1,4
Shiraz 2016,2,3.8,5,3,1,3
Spätburgunder Classic 2018,2,3.8,1,2,4,3
Pinot Noir 2014,2,3.8,2,2,1,4
Reserva Malbec 2005,1,3.8,4,2,1,2
The Essence Of Oregon Pinot Noir 2014,2,3.8,2,2,1,4
Barolo 2010,3,3.8,4,5,1,5
Pinot Noir 2021,2,3.8,2,2,1,4
Q Cabernet Sauvignon 2006,2,3.8,4,3,1,3
Chianti Classico 2006,2,3.8,3,3,1,4
PF Shiraz 2018,3,3.8,4,3,2,3
Barbaresco 2008,3,3.8,3,4,1,5
Bourgogne Hautes-Côtes de Nuits 'Les Dames Huguettes' 2018,2,3.8,2,2,1,4
Haut-Médoc 2003,1,3.8,4,4,1,4
Eileen Hardy Shiraz 2010,4,3.8,5,3,1,3
Cielo d'Ulisse Brunello di Montalcino 2014,4,3.8,3,3,1,4
Mamre Brook Shiraz 2006,2,3.8,5,3,1,3
Pinot Noir 2013,2,3.8,3,1,1,3
Barbera d'Alba 2012,1,3.8,3,2,1,4
Rosso Veneto 2009,2,3.8,4,2,2,2
PF Shiraz 2019,2,3.8,4,3,2,3
Omaka Reserve Pinot Noir 2019,1,3.8,2,2,1,4
Villa Antinori Chianti Classico Riserva 2000,2,3.8,3,3,1,4
Eileen Hardy Shiraz 2012,4,3.8,5,3,1,3
Tintara Cabernet Sauvignon 2010,1,3.8,4,3,1,3
Barolo 2011,3,3.8,4,5,1,5
Diamond Label Shiraz 2004,1,3.8,5,3,2,3
Antiguas Reservas Cabernet Sauvignon 2003,1,3.8,4,3,1,3
Sonoma Coast Pinot Noir 2017,2,3.8,2,2,1,3
Aconcagua Alto Cabernet Sauvignon 2013,2,3.8,4,3,1,3
HRB Shiraz 2009,2,3.8,5,3,1,3
Castillo Mayor Gran Reserva 1994,2,3.8,4,3,1,3
Vendange Châteauneuf-du-Pape Rouge 2010,2,3.8,5,3,1,3
Authentique Côtes du Roussillon Rouge 2011,1,3.8,4,3,1,3
Pinot Noir 2006,2,3.8,2,2,1,4
Gold Label Coonawarra Cabernet Sauvignon 2007,2,3.8,4,3,1,3
Shiraz - Mataro 2016,2,3.8,5,3,1,3
Barrel Select Malbec 2005,1,3.8,4,2,1,2
PF Shiraz 2015,3,3.8,4,3,2,3
Santa Cecilia Nero d'Avola 2001,2,3.8,5,3,2,2
President's Selection Shiraz 2005,2,3.8,5,3,2,3
Sito dell'Ulmo Merlot 2002,2,3.8,5,3,2,2
Château Les Charmettes Bordeaux Supérieur 2015,1,3.8,3,4,4,3
Côtes Du Ventoux La Claretière Rouge 2016,1,3.8,4,3,3,3
Shiraz - Mataro 2014,2,3.8,5,3,1,3
North Canterbury Pinot Noir 2018,1,3.8,2,2,1,4
Edición Limitada Garnatxa 2011,1,3.8,4,2,1,3
Pessac-Léognan 1998,2,3.8,4,4,1,4
Pinot Noir 2011,2,3.8,3,1,1,3
Shiraz 2010,2,3.8,5,2,1,3
Portillo Cabernet Sauvignon 2005,1,3.8,3,3,1,3
HRB Shiraz 2008,2,3.8,5,3,1,3
Pinot Noir 2018,1,3.8,2,2,1,4
Rob & Les Shiraz 2018,2,3.8,5,2,2,3
Reserva Cabernet Sauvignon 2016,2,3.8,4,3,1,3
Cahors La Passion 2009,1,3.8,4,3,1,3
